krumplifej@citromail.hu;A rendelését két napon belül szállítjuk. A rendelés értéke: 116400Ft.
kisspal@citromail.hu;A rendelését két napon belül szállítjuk. A rendelés értéke: 247300Ft.
szputnyik@fidesz.gov;A rendelését két napon belül szállítjuk. A rendelés értéke: 2900Ft.
kovacs7@merchant.org;A rendelését két napon belül szállítjuk. A rendelés értéke: 7400Ft.
eva2001@fidesz.gov;A rendelését két napon belül szállítjuk. A rendelés értéke: 127600Ft.
nagyatilla@fidesz.gov;A rendelését két napon belül szállítjuk. A rendelés értéke: 200600Ft.
zoltantoth@fidesz.gov;A rendelését két napon belül szállítjuk. A rendelés értéke: 41500Ft.
kisspal@gmail.com;A rendelését két napon belül szállítjuk. A rendelés értéke: 174400Ft.
nagyatilla@freemail.hu;A rendelését két napon belül szállítjuk. A rendelés értéke: 38700Ft.
krumplifej@merchant.org;A rendelését két napon belül szállítjuk. A rendelés értéke: 68500Ft.
kovacs7@merchant.org;A rendelését két napon belül szállítjuk. A rendelés értéke: 107100Ft.
zoltantoth@fidesz.gov;A rendelését két napon belül szállítjuk. A rendelés értéke: 8200Ft.
kisspal@merchant.org;A rendelését két napon belül szállítjuk. A rendelés értéke: 3100Ft.
kovacs7@freemail.hu;A rendelését két napon belül szállítjuk. A rendelés értéke: 3000Ft.
fagylaltos@gmail.com;A rendelését két napon belül szállítjuk. A rendelés értéke: 85900Ft.
eva2001@merchant.org;A rendelését két napon belül szállítjuk. A rendelés értéke: 71000Ft.
kovacs7@golden.com;A rendelését két napon belül szállítjuk. A rendelés értéke: 262000Ft.
kisspal@freemail.hu;A rendelését két napon belül szállítjuk. A rendelés értéke: 2500Ft.
kisspal@merchant.org;A rendelését két napon belül szállítjuk. A rendelés értéke: 1000Ft.
krumplifej@gmail.com;A rendelését két napon belül szállítjuk. A rendelés értéke: 62700Ft.
eva2001@merchant.org;A rendelését két napon belül szállítjuk. A rendelés értéke: 35000Ft.
szputnyik@golden.com;A rendelését két napon belül szállítjuk. A rendelés értéke: 243400Ft.
szputnyik@fidesz.gov;A rendelését két napon belül szállítjuk. A rendelés értéke: 119600Ft.
zoltantoth@citromail.hu;A rendelését két napon belül szállítjuk. A rendelés értéke: 107600Ft.
kisspal@golden.com;A rendelését két napon belül szállítjuk. A rendelés értéke: 94000Ft.
kisspal@freemail.hu;A rendelését két napon belül szállítjuk. A rendelés értéke: 13000Ft.
nagyatilla@fidesz.gov;A rendelését két napon belül szállítjuk. A rendelés értéke: 39000Ft.
eva2001@freemail.hu;A rendelését két napon belül szállítjuk. A rendelés értéke: 225600Ft.
eva2001@citromail.hu;A rendelését két napon belül szállítjuk. A rendelés értéke: 67100Ft.
majoros@fidesz.gov;A rendelését két napon belül szállítjuk. A rendelés értéke: 12300Ft.
majoros@freemail.hu;A rendelését két napon belül szállítjuk. A rendelés értéke: 14400Ft.
krumplifej@merchant.org;A rendelését két napon belül szállítjuk. A rendelés értéke: 151600Ft.
eva2001@merchant.org;A rendelését két napon belül szállítjuk. A rendelés értéke: 600Ft.
kisspal@freemail.hu;A rendelése függő állapotba került. Hamarosan értesítjük a szállítás időpontjáról.
fagylaltos@fidesz.gov;A rendelése függő állapotba került. Hamarosan értesítjük a szállítás időpontjáról.
kovacs7@freemail.hu;A rendelését két napon belül szállítjuk. A rendelés értéke: 147100Ft.
nagyatilla@merchant.org;A rendelését két napon belül szállítjuk. A rendelés értéke: 2100Ft.
nagyatilla@freemail.hu;A rendelése függő állapotba került. Hamarosan értesítjük a szállítás időpontjáról.
fagylaltos@gmail.com;A rendelését két napon belül szállítjuk. A rendelés értéke: 9800Ft.
eva2001@golden.com;A rendelését két napon belül szállítjuk. A rendelés értéke: 24200Ft.
majoros@fidesz.gov;A rendelését két napon belül szállítjuk. A rendelés értéke: 2200Ft.
majoros@freemail.hu;A rendelését két napon belül szállítjuk. A rendelés értéke: 3000Ft.
eva2001@fidesz.gov;A rendelését két napon belül szállítjuk. A rendelés értéke: 3700Ft.
majoros@golden.com;A rendelését két napon belül szállítjuk. A rendelés értéke: 17000Ft.
szputnyik@citromail.hu;A rendelését két napon belül szállítjuk. A rendelés értéke: 63100Ft.
nagyatilla@freemail.hu;A rendelését két napon belül szállítjuk. A rendelés értéke: 31800Ft.
krumplifej@merchant.org;A rendelését két napon belül szállítjuk. A rendelés értéke: 141400Ft.
kovacs7@freemail.hu;A rendelését két napon belül szállítjuk. A rendelés értéke: 93400Ft.
kisspal@citromail.hu;A rendelését két napon belül szállítjuk. A rendelés értéke: 32200Ft.
szputnyik@gmail.com;A rendelését két napon belül szállítjuk. A rendelés értéke: 2000Ft.
kovacs7@golden.com;A rendelését két napon belül szállítjuk. A rendelés értéke: 1800Ft.
fagylaltos@freemail.hu;A rendelését két napon belül szállítjuk. A rendelés értéke: 17700Ft.
erikaszep@merchant.org;A rendelését két napon belül szállítjuk. A rendelés értéke: 121000Ft.
majoros@citromail.hu;A rendelését két napon belül szállítjuk. A rendelés értéke: 99300Ft.
eva2001@fidesz.gov;A rendelését két napon belül szállítjuk. A rendelés értéke: 65000Ft.
zoltantoth@citromail.hu;A rendelése függő állapotba került. Hamarosan értesítjük a szállítás időpontjáról.
krumplifej@gmail.com;A rendelése függő állapotba került. Hamarosan értesítjük a szállítás időpontjáról.
eva2001@freemail.hu;A rendelését két napon belül szállítjuk. A rendelés értéke: 152600Ft.
kisspal@gmail.com;A rendelése függő állapotba került. Hamarosan értesítjük a szállítás időpontjáról.
eva2001@merchant.org;A rendelése függő állapotba került. Hamarosan értesítjük a szállítás időpontjáról.
nagyatilla@gmail.com;A rendelését két napon belül szállítjuk. A rendelés értéke: 600Ft.
krumplifej@merchant.org;A rendelése függő állapotba került. Hamarosan értesítjük a szállítás időpontjáról.
nagyatilla@merchant.org;A rendelése függő állapotba került. Hamarosan értesítjük a szállítás időpontjáról.
kisspal@merchant.org;A rendelését két napon belül szállítjuk. A rendelés értéke: 19000Ft.
fagylaltos@gmail.com;A rendelését két napon belül szállítjuk. A rendelés értéke: 66000Ft.
nagyatilla@fidesz.gov;A rendelését két napon belül szállítjuk. A rendelés értéke: 600Ft.
eva2001@citromail.hu;A rendelését két napon belül szállítjuk. A rendelés értéke: 42000Ft.
nagyatilla@fidesz.gov;A rendelését két napon belül szállítjuk. A rendelés értéke: 12000Ft.
kisspal@citromail.hu;A rendelését két napon belül szállítjuk. A rendelés értéke: 900Ft.
zoltantoth@freemail.hu;A rendelését két napon belül szállítjuk. A rendelés értéke: 29100Ft.
krumplifej@fidesz.gov;A rendelése függő állapotba került. Hamarosan értesítjük a szállítás időpontjáról.
krumplifej@gmail.com;A rendelését két napon belül szállítjuk. A rendelés értéke: 126900Ft.
fagylaltos@fidesz.gov;A rendelése függő állapotba került. Hamarosan értesítjük a szállítás időpontjáról.
erikaszep@citromail.hu;A rendelését két napon belül szállítjuk. A rendelés értéke: 2200Ft.
szputnyik@gmail.com;A rendelése függő állapotba került. Hamarosan értesítjük a szállítás időpontjáról.
zoltantoth@merchant.org;A rendelését két napon belül szállítjuk. A rendelés értéke: 2200Ft.
fagylaltos@citromail.hu;A rendelését két napon belül szállítjuk. A rendelés értéke: 33600Ft.
nagyatilla@golden.com;A rendelése függő állapotba került. Hamarosan értesítjük a szállítás időpontjáról.
fagylaltos@golden.com;A rendelése függő állapotba került. Hamarosan értesítjük a szállítás időpontjáról.
majoros@fidesz.gov;A rendelését két napon belül szállítjuk. A rendelés értéke: 11600Ft.
zoltantoth@golden.com;A rendelése függő állapotba került. Hamarosan értesítjük a szállítás időpontjáról.
eva2001@golden.com;A rendelését két napon belül szállítjuk. A rendelés értéke: 3100Ft.
zoltantoth@golden.com;A rendelése függő állapotba került. Hamarosan értesítjük a szállítás időpontjáról.
erikaszep@freemail.hu;A rendelését két napon belül szállítjuk. A rendelés értéke: 38000Ft.
eva2001@fidesz.gov;A rendelését két napon belül szállítjuk. A rendelés értéke: 2300Ft.
erikaszep@gmail.com;A rendelését két napon belül szállítjuk. A rendelés értéke: 132000Ft.
eva2001@citromail.hu;A rendelése függő állapotba került. Hamarosan értesítjük a szállítás időpontjáról.
kisspal@merchant.org;A rendelése függő állapotba került. Hamarosan értesítjük a szállítás időpontjáról.
erikaszep@freemail.hu;A rendelése függő állapotba került. Hamarosan értesítjük a szállítás időpontjáról.
kisspal@gmail.com;A rendelése függő állapotba került. Hamarosan értesítjük a szállítás időpontjáról.
szputnyik@citromail.hu;A rendelését két napon belül szállítjuk. A rendelés értéke: 22000Ft.
majoros@freemail.hu;A rendelése függő állapotba került. Hamarosan értesítjük a szállítás időpontjáról.
szputnyik@merchant.org;A rendelését két napon belül szállítjuk. A rendelés értéke: 4000Ft.
kisspal@citromail.hu;A rendelése függő állapotba került. Hamarosan értesítjük a szállítás időpontjáról.
majoros@citromail.hu;A rendelését két napon belül szállítjuk. A rendelés értéke: 14600Ft.
majoros@merchant.org;A rendelése függő állapotba került. Hamarosan értesítjük a szállítás időpontjáról.
kisspal@gmail.com;A rendelése függő állapotba került. Hamarosan értesítjük a szállítás időpontjáról.
nagyatilla@merchant.org;A rendelése függő állapotba került. Hamarosan értesítjük a szállítás időpontjáról.
erikaszep@golden.com;A rendelése függő állapotba került. Hamarosan értesítjük a szállítás időpontjáról.
szputnyik@golden.com;A rendelését két napon belül szállítjuk. A rendelés értéke: 5400Ft.
nagyatilla@golden.com;A rendelését két napon belül szállítjuk. A rendelés értéke: 22000Ft.
kovacs7@fidesz.gov;A rendelését két napon belül szállítjuk. A rendelés értéke: 6400Ft.
fagylaltos@gmail.com;A rendelése függő állapotba került. Hamarosan értesítjük a szállítás időpontjáról.
kisspal@fidesz.gov;A rendelését két napon belül szállítjuk. A rendelés értéke: 18300Ft.
kisspal@merchant.org;A rendelését két napon belül szállítjuk. A rendelés értéke: 203000Ft.
szputnyik@gmail.com;A rendelése függő állapotba került. Hamarosan értesítjük a szállítás időpontjáról.
kisspal@fidesz.gov;A rendelése függő állapotba került. Hamarosan értesítjük a szállítás időpontjáról.
majoros@citromail.hu;A rendelése függő állapotba került. Hamarosan értesítjük a szállítás időpontjáról.
kisspal@citromail.hu;A rendelését két napon belül szállítjuk. A rendelés értéke: 22000Ft.
fagylaltos@freemail.hu;A rendelése függő állapotba került. Hamarosan értesítjük a szállítás időpontjáról.
krumplifej@freemail.hu;A rendelését két napon belül szállítjuk. A rendelés értéke: 1000Ft.
zoltantoth@freemail.hu;A rendelése függő állapotba került. Hamarosan értesítjük a szállítás időpontjáról.
krumplifej@freemail.hu;A rendelését két napon belül szállítjuk. A rendelés értéke: 600Ft.
nagyatilla@fidesz.gov;A rendelését két napon belül szállítjuk. A rendelés értéke: 600Ft.
erikaszep@golden.com;A rendelése függő állapotba került. Hamarosan értesítjük a szállítás időpontjáról.
kisspal@gmail.com;A rendelését két napon belül szállítjuk. A rendelés értéke: 99000Ft.
kisspal@fidesz.gov;A rendelése függő állapotba került. Hamarosan értesítjük a szállítás időpontjáról.
erikaszep@merchant.org;A rendelése függő állapotba került. Hamarosan értesítjük a szállítás időpontjáról.
zoltantoth@freemail.hu;A rendelése függő állapotba került. Hamarosan értesítjük a szállítás időpontjáról.
nagyatilla@freemail.hu;A rendelését két napon belül szállítjuk. A rendelés értéke: 3100Ft.
