krumplifej@citromail.hu;A rendelését két napon belül szállítjuk. A rendelés értéke: 116400 Ft
kisspal@citromail.hu;A rendelését két napon belül szállítjuk. A rendelés értéke: 247300 Ft
szputnyik@fidesz.gov;A rendelését két napon belül szállítjuk. A rendelés értéke: 2900 Ft
kovacs7@merchant.org;A rendelését két napon belül szállítjuk. A rendelés értéke: 7400 Ft
eva2001@fidesz.gov;A rendelését két napon belül szállítjuk. A rendelés értéke: 127600 Ft
nagyatilla@fidesz.gov;A rendelését két napon belül szállítjuk. A rendelés értéke: 200600 Ft
zoltantoth@fidesz.gov;A rendelését két napon belül szállítjuk. A rendelés értéke: 41500 Ft
kisspal@gmail.com;A rendelés függõ állapotba került. Hamarosan értesítjük a szállítás idõpontjáról.
nagyatilla@freemail.hu;A rendelését két napon belül szállítjuk. A rendelés értéke: 52200 Ft
krumplifej@merchant.org;A rendelését két napon belül szállítjuk. A rendelés értéke: 68500 Ft
kovacs7@merchant.org;A rendelését két napon belül szállítjuk. A rendelés értéke: 107100 Ft
zoltantoth@fidesz.gov;A rendelését két napon belül szállítjuk. A rendelés értéke: 8200 Ft
kisspal@merchant.org;A rendelését két napon belül szállítjuk. A rendelés értéke: 3100 Ft
kovacs7@freemail.hu;A rendelését két napon belül szállítjuk. A rendelés értéke: 3000 Ft
fagylaltos@gmail.com;A rendelését két napon belül szállítjuk. A rendelés értéke: 85900 Ft
eva2001@merchant.org;A rendelését két napon belül szállítjuk. A rendelés értéke: 71000 Ft
kovacs7@golden.com;A rendelés függõ állapotba került. Hamarosan értesítjük a szállítás idõpontjáról.
kisspal@freemail.hu;A rendelését két napon belül szállítjuk. A rendelés értéke: 2500 Ft
kisspal@merchant.org;A rendelés függõ állapotba került. Hamarosan értesítjük a szállítás idõpontjáról.
krumplifej@gmail.com;A rendelését két napon belül szállítjuk. A rendelés értéke: 62700 Ft
eva2001@merchant.org;A rendelését két napon belül szállítjuk. A rendelés értéke: 35000 Ft
szputnyik@golden.com;A rendelés függõ állapotba került. Hamarosan értesítjük a szállítás idõpontjáról.
szputnyik@fidesz.gov;A rendelését két napon belül szállítjuk. A rendelés értéke: 119600 Ft
zoltantoth@citromail.hu;A rendelését két napon belül szállítjuk. A rendelés értéke: 113200 Ft
kisspal@golden.com;A rendelését két napon belül szállítjuk. A rendelés értéke: 94000 Ft
kisspal@freemail.hu;A rendelését két napon belül szállítjuk. A rendelés értéke: 13000 Ft
nagyatilla@fidesz.gov;A rendelés függõ állapotba került. Hamarosan értesítjük a szállítás idõpontjáról.
eva2001@freemail.hu;A rendelés függõ állapotba került. Hamarosan értesítjük a szállítás idõpontjáról.
eva2001@citromail.hu;A rendelését két napon belül szállítjuk. A rendelés értéke: 67100 Ft
majoros@fidesz.gov;A rendelését két napon belül szállítjuk. A rendelés értéke: 12300 Ft
majoros@freemail.hu;A rendelés függõ állapotba került. Hamarosan értesítjük a szállítás idõpontjáról.
krumplifej@merchant.org;A rendelés függõ állapotba került. Hamarosan értesítjük a szállítás idõpontjáról.
eva2001@merchant.org;A rendelését két napon belül szállítjuk. A rendelés értéke: 600 Ft
kisspal@freemail.hu;A rendelés függõ állapotba került. Hamarosan értesítjük a szállítás idõpontjáról.
fagylaltos@fidesz.gov;A rendelés függõ állapotba került. Hamarosan értesítjük a szállítás idõpontjáról.
kovacs7@freemail.hu;A rendelés függõ állapotba került. Hamarosan értesítjük a szállítás idõpontjáról.
nagyatilla@merchant.org;A rendelés függõ állapotba került. Hamarosan értesítjük a szállítás idõpontjáról.
nagyatilla@freemail.hu;A rendelés függõ állapotba került. Hamarosan értesítjük a szállítás idõpontjáról.
fagylaltos@gmail.com;A rendelés függõ állapotba került. Hamarosan értesítjük a szállítás idõpontjáról.
eva2001@golden.com;A rendelés függõ állapotba került. Hamarosan értesítjük a szállítás idõpontjáról.
majoros@fidesz.gov;A rendelését két napon belül szállítjuk. A rendelés értéke: 2200 Ft
majoros@freemail.hu;A rendelés függõ állapotba került. Hamarosan értesítjük a szállítás idõpontjáról.
eva2001@fidesz.gov;A rendelés függõ állapotba került. Hamarosan értesítjük a szállítás idõpontjáról.
majoros@golden.com;A rendelését két napon belül szállítjuk. A rendelés értéke: 17000 Ft
szputnyik@citromail.hu;A rendelését két napon belül szállítjuk. A rendelés értéke: 63100 Ft
nagyatilla@freemail.hu;A rendelését két napon belül szállítjuk. A rendelés értéke: 31800 Ft
krumplifej@merchant.org;A rendelés függõ állapotba került. Hamarosan értesítjük a szállítás idõpontjáról.
kovacs7@freemail.hu;A rendelését két napon belül szállítjuk. A rendelés értéke: 93400 Ft
kisspal@citromail.hu;A rendelés függõ állapotba került. Hamarosan értesítjük a szállítás idõpontjáról.
szputnyik@gmail.com;A rendelés függõ állapotba került. Hamarosan értesítjük a szállítás idõpontjáról.
kovacs7@golden.com;A rendelését két napon belül szállítjuk. A rendelés értéke: 1800 Ft
fagylaltos@freemail.hu;A rendelés függõ állapotba került. Hamarosan értesítjük a szállítás idõpontjáról.
erikaszep@merchant.org;A rendelés függõ állapotba került. Hamarosan értesítjük a szállítás idõpontjáról.
majoros@citromail.hu;A rendelését két napon belül szállítjuk. A rendelés értéke: 99300 Ft
eva2001@fidesz.gov;A rendelés függõ állapotba került. Hamarosan értesítjük a szállítás idõpontjáról.
zoltantoth@citromail.hu;A rendelés függõ állapotba került. Hamarosan értesítjük a szállítás idõpontjáról.
krumplifej@gmail.com;A rendelés függõ állapotba került. Hamarosan értesítjük a szállítás idõpontjáról.
eva2001@freemail.hu;A rendelés függõ állapotba került. Hamarosan értesítjük a szállítás idõpontjáról.
kisspal@gmail.com;A rendelés függõ állapotba került. Hamarosan értesítjük a szállítás idõpontjáról.
eva2001@merchant.org;A rendelés függõ állapotba került. Hamarosan értesítjük a szállítás idõpontjáról.
nagyatilla@gmail.com;A rendelés függõ állapotba került. Hamarosan értesítjük a szállítás idõpontjáról.
krumplifej@merchant.org;A rendelés függõ állapotba került. Hamarosan értesítjük a szállítás idõpontjáról.
nagyatilla@merchant.org;A rendelés függõ állapotba került. Hamarosan értesítjük a szállítás idõpontjáról.
kisspal@merchant.org;A rendelés függõ állapotba került. Hamarosan értesítjük a szállítás idõpontjáról.
fagylaltos@gmail.com;A rendelés függõ állapotba került. Hamarosan értesítjük a szállítás idõpontjáról.
nagyatilla@fidesz.gov;A rendelés függõ állapotba került. Hamarosan értesítjük a szállítás idõpontjáról.
eva2001@citromail.hu;A rendelés függõ állapotba került. Hamarosan értesítjük a szállítás idõpontjáról.
nagyatilla@fidesz.gov;A rendelés függõ állapotba került. Hamarosan értesítjük a szállítás idõpontjáról.
kisspal@citromail.hu;A rendelés függõ állapotba került. Hamarosan értesítjük a szállítás idõpontjáról.
zoltantoth@freemail.hu;A rendelés függõ állapotba került. Hamarosan értesítjük a szállítás idõpontjáról.
krumplifej@fidesz.gov;A rendelés függõ állapotba került. Hamarosan értesítjük a szállítás idõpontjáról.
krumplifej@gmail.com;A rendelés függõ állapotba került. Hamarosan értesítjük a szállítás idõpontjáról.
fagylaltos@fidesz.gov;A rendelés függõ állapotba került. Hamarosan értesítjük a szállítás idõpontjáról.
erikaszep@citromail.hu;A rendelés függõ állapotba került. Hamarosan értesítjük a szállítás idõpontjáról.
szputnyik@gmail.com;A rendelés függõ állapotba került. Hamarosan értesítjük a szállítás idõpontjáról.
zoltantoth@merchant.org;A rendelés függõ állapotba került. Hamarosan értesítjük a szállítás idõpontjáról.
fagylaltos@citromail.hu;A rendelését két napon belül szállítjuk. A rendelés értéke: 33600 Ft
nagyatilla@golden.com;A rendelés függõ állapotba került. Hamarosan értesítjük a szállítás idõpontjáról.
fagylaltos@golden.com;A rendelés függõ állapotba került. Hamarosan értesítjük a szállítás idõpontjáról.
majoros@fidesz.gov;A rendelés függõ állapotba került. Hamarosan értesítjük a szállítás idõpontjáról.
zoltantoth@golden.com;A rendelés függõ állapotba került. Hamarosan értesítjük a szállítás idõpontjáról.
eva2001@golden.com;A rendelés függõ állapotba került. Hamarosan értesítjük a szállítás idõpontjáról.
zoltantoth@golden.com;A rendelés függõ állapotba került. Hamarosan értesítjük a szállítás idõpontjáról.
erikaszep@freemail.hu;A rendelés függõ állapotba került. Hamarosan értesítjük a szállítás idõpontjáról.
eva2001@fidesz.gov;A rendelés függõ állapotba került. Hamarosan értesítjük a szállítás idõpontjáról.
erikaszep@gmail.com;A rendelés függõ állapotba került. Hamarosan értesítjük a szállítás idõpontjáról.
eva2001@citromail.hu;A rendelés függõ állapotba került. Hamarosan értesítjük a szállítás idõpontjáról.
kisspal@merchant.org;A rendelés függõ állapotba került. Hamarosan értesítjük a szállítás idõpontjáról.
erikaszep@freemail.hu;A rendelés függõ állapotba került. Hamarosan értesítjük a szállítás idõpontjáról.
kisspal@gmail.com;A rendelés függõ állapotba került. Hamarosan értesítjük a szállítás idõpontjáról.
szputnyik@citromail.hu;A rendelés függõ állapotba került. Hamarosan értesítjük a szállítás idõpontjáról.
majoros@freemail.hu;A rendelés függõ állapotba került. Hamarosan értesítjük a szállítás idõpontjáról.
szputnyik@merchant.org;A rendelés függõ állapotba került. Hamarosan értesítjük a szállítás idõpontjáról.
kisspal@citromail.hu;A rendelés függõ állapotba került. Hamarosan értesítjük a szállítás idõpontjáról.
majoros@citromail.hu;A rendelés függõ állapotba került. Hamarosan értesítjük a szállítás idõpontjáról.
majoros@merchant.org;A rendelés függõ állapotba került. Hamarosan értesítjük a szállítás idõpontjáról.
kisspal@gmail.com;A rendelés függõ állapotba került. Hamarosan értesítjük a szállítás idõpontjáról.
nagyatilla@merchant.org;A rendelés függõ állapotba került. Hamarosan értesítjük a szállítás idõpontjáról.
erikaszep@golden.com;A rendelés függõ állapotba került. Hamarosan értesítjük a szállítás idõpontjáról.
szputnyik@golden.com;A rendelés függõ állapotba került. Hamarosan értesítjük a szállítás idõpontjáról.
nagyatilla@golden.com;A rendelés függõ állapotba került. Hamarosan értesítjük a szállítás idõpontjáról.
kovacs7@fidesz.gov;A rendelés függõ állapotba került. Hamarosan értesítjük a szállítás idõpontjáról.
fagylaltos@gmail.com;A rendelés függõ állapotba került. Hamarosan értesítjük a szállítás idõpontjáról.
kisspal@fidesz.gov;A rendelés függõ állapotba került. Hamarosan értesítjük a szállítás idõpontjáról.
kisspal@merchant.org;A rendelés függõ állapotba került. Hamarosan értesítjük a szállítás idõpontjáról.
szputnyik@gmail.com;A rendelés függõ állapotba került. Hamarosan értesítjük a szállítás idõpontjáról.
kisspal@fidesz.gov;A rendelés függõ állapotba került. Hamarosan értesítjük a szállítás idõpontjáról.
majoros@citromail.hu;A rendelés függõ állapotba került. Hamarosan értesítjük a szállítás idõpontjáról.
kisspal@citromail.hu;A rendelés függõ állapotba került. Hamarosan értesítjük a szállítás idõpontjáról.
fagylaltos@freemail.hu;A rendelés függõ állapotba került. Hamarosan értesítjük a szállítás idõpontjáról.
krumplifej@freemail.hu;A rendelés függõ állapotba került. Hamarosan értesítjük a szállítás idõpontjáról.
zoltantoth@freemail.hu;A rendelés függõ állapotba került. Hamarosan értesítjük a szállítás idõpontjáról.
krumplifej@freemail.hu;A rendelését két napon belül szállítjuk. A rendelés értéke: 600 Ft
nagyatilla@fidesz.gov;A rendelését két napon belül szállítjuk. A rendelés értéke: 600 Ft
erikaszep@golden.com;A rendelés függõ állapotba került. Hamarosan értesítjük a szállítás idõpontjáról.
kisspal@gmail.com;A rendelés függõ állapotba került. Hamarosan értesítjük a szállítás idõpontjáról.
kisspal@fidesz.gov;A rendelés függõ állapotba került. Hamarosan értesítjük a szállítás idõpontjáról.
erikaszep@merchant.org;A rendelés függõ állapotba került. Hamarosan értesítjük a szállítás idõpontjáról.
zoltantoth@freemail.hu;A rendelés függõ állapotba került. Hamarosan értesítjük a szállítás idõpontjáról.
nagyatilla@freemail.hu;A rendelés függõ állapotba került. Hamarosan értesítjük a szállítás idõpontjáról.
